Workbook

Sheet Checklist
A1: TVA Ninja Cohort 3 – Agentic Workflow Workshop: Pre-Class Facilitator Checklist
A2: Workshop date: Tuesday, Nov 3, 2026 · TVA Microsoft 365 GCC tenant · Facilitator: Wesley Floyd (Microsoft) – add co-facilitators · Microsoft facilitates; TVA participants build their own agents and flows
A3: # | B3: Phase | C3: Category | D3: Task | E3: Owner | F3: Due Date | G3: Status | H3: Notes / Evidence
A4: 1 | B4: T-10 days | C4: Tenant & Licensing | D4: Confirm TVA Microsoft 365 GCC tenant name ({{TVA_TENANT_NAME}}) | E4: TVA | F4: 46321 | G4: Not Started | H4: Record exact tenant name/domain on the Placeholders sheet.
A5: 2 | B5: T-10 days | C5: Tenant & Licensing | D5: Confirm a dedicated Copilot Studio environment in GCC — not the Default environment ({{TVA_COPILOT_STUDIO_ENVIRONMENT}}) | E5: Joint | F5: 46321 | G5: Not Started | H5: Capture environment name/URL; confirm participants have Environment Maker rights.
A6: 3 | B6: T-10 days | C6: Tenant & Licensing | D6: Confirm Power Platform region for the environment ({{TVA_POWER_PLATFORM_REGION}}) | E6: TVA | F6: 46321 | G6: Not Started | H6: Record region shown in Power Platform admin center.
A7: 4 | B7: T-10 days | C7: Tenant & Licensing | D7: Confirm Microsoft 365 Copilot licenses assigned to all participants | E7: TVA | F7: 46321 | G7: Not Started | H7: Attach roster with license status per participant.
A8: 5 | B8: T-10 days | C8: Tenant & Licensing | D8: Confirm Copilot Studio access and capacity (messages/capacity allocated to the workshop environment) | E8: Joint | F8: 46321 | G8: Not Started | H8: Note capacity source (tenant/environment) and any limits.
A9: 6 | B9: T-10 days | C9: Tenant & Licensing | D9: Confirm Power Automate premium needs — Copilot Studio agent actions called from flows | E9: Joint | F9: 46321 | G9: Not Started | H9: Identify who needs premium/per-user or per-flow coverage for the 3 flows.
A10: 7 | B10: T-10 days | C10: Governance & DLP | D10: DLP policy review: place SharePoint, Approvals, Teams, Office 365 Outlook, Planner and Copilot Studio connectors in the same "Business" data group | E10: TVA | F10: 46321 | G10: Not Started | H10: Unclassified connectors are blocked at runtime — screenshot the policy scoped to the workshop environment.
A11: 8 | B11: T-10 days | C11: GCC Feature Parity | D11: GCC parity check: Agent Builder is available in GCC, but embedded file content is NOT supported as a knowledge source in GCC — plan SharePoint knowledge instead | E11: Microsoft | F11: 46321 | G11: Not Started | H11: Confirm against current GCC service description; adjust labs if needed.
A12: 9 | B12: T-10 days | C12: GCC Feature Parity | D12: Confirm in TVA's GCC tenant: generative answers over SharePoint knowledge, Copilot Studio agent actions from Power Automate, and publishing agents to Teams/M365 | E12: Joint | F12: 46321 | G12: Not Started | H12: Record pass/fail per capability; any gap becomes a lab workaround.
A13: 10 | B13: T-10 days | C13: Governance & DLP | D13: Security/compliance sign-off that only public TVA content (plus customer-provided workshop content) is used | E13: TVA | F13: 46321 | G13: Not Started | H13: Name of approver + date; no internal/private data (e.g., Vantage, internal email/chat exports).
A14: 11 | B14: T-7 days | C14: Placeholders | D14: Fill {{TVA_SHAREPOINT_SITE_URL}} — workshop SharePoint site URL | E14: TVA | F14: 46322 | G14: Not Started | H14: See Placeholders sheet.
A15: 12 | B15: T-7 days | C15: Placeholders | D15: Fill {{TVA_KNOWLEDGE_LIBRARY_NAME}} (default: Knowledge-Public) | E15: Joint | F15: 46322 | G15: Not Started | H15: See Placeholders sheet.
... A68: 65 | B68: Post-workshop | C68: Expansion Backlog | D68: Follow up on expansion backlog: Nuclear outage comms, Dam-management seasonal ops, Finance rate-impact explainer, IT incident briefing, CAO hearing prep | E68: Microsoft | F68: 46336 | G68: Not Started | H68: Schedule follow-up session with work-area leads.

Sheet Placeholders
A1: Workshop Placeholders – values to confirm before class (docs/00 fill-in template)
A2: Fill the TVA Value column by T-7 (Oct 27, 2026); defaults and suggestions come from docs/00 and docs/02.
A3: Placeholder | B3: Section | C3: Description | D3: Default / Suggested Value | E3: TVA Value | F3: Confirmed By
A4: {{TVA_TENANT_NAME}} | B4: Tenant and environment | C4: TVA Microsoft 365 GCC tenant name | D4: TVA to confirm
A5: {{TVA_COPILOT_STUDIO_ENVIRONMENT}} | B5: Tenant and environment | C5: Copilot Studio / Power Platform environment for the workshop | D5: Dedicated GCC environment (not Default)
A6: {{TVA_POWER_PLATFORM_REGION}} | B6: Tenant and environment | C6: Power Platform region of the environment | D6: TVA to confirm
A7: {{TVA_SHAREPOINT_SITE_URL}} | B7: SharePoint and OneDrive | C7: Workshop SharePoint site URL | D7: TVA to confirm
A8: {{TVA_KNOWLEDGE_LIBRARY_NAME}} | B8: SharePoint and OneDrive | C8: Document library holding public knowledge sources | D8: Knowledge-Public
A9: {{TVA_TRANSMISSION_LIST_NAME}} | B9: SharePoint and OneDrive | C9: List of transmission projects | D9: TransmissionProjects
A10: {{TVA_TRANSMISSION_DRAFTS_LIST_NAME}} | B10: SharePoint and OneDrive | C10: List of transmission update drafts (Flow 1) | D10: TransmissionUpdateDrafts
A11: {{TVA_PUBLICCOMMENTS_LIST_NAME}} | B11: SharePoint and OneDrive | C11: List of public comments (Flow 2) | D11: PublicComments
A12: {{TVA_BRIEFREQUESTS_LIST_NAME}} | B12: SharePoint and OneDrive | C12: List of executive brief requests (Flow 3) | D12: ExecutiveBriefRequests
A13: {{TVA_ONEDRIVE_WORKSHOP_FOLDER}} | B13: SharePoint and OneDrive | C13: Personal OneDrive working folder | D13: /TVANinjaCohort3/ (working-drafts/, demo-exports/)
A14: {{TVA_SERVICE_AREA_REGION}} | B14: SharePoint and OneDrive | C14: TVA service-area region used to scope answers | D14: TVA to confirm
A15: {{TVA_TEAMS_WORKSHOP_TEAM}} | B15: Teams and approvals | C15: Microsoft Teams team for the workshop | D15: TVA to confirm
... A26: {{COHORT_NAME}} | B26: Workshop settings | C26: Cohort name | D26: TVA Ninja Cohort 3

Sheet Summary
A1: Readiness Summary – Status by Phase
A2: Live counts from the Checklist sheet. % Complete = Done ÷ (Total − N/A).
A3: Phase | B3: Due Date | C3: Not Started | D3: In Progress | E3: Done | F3: Blocked | G3: N/A | H3: Total | I3: % Complete
A4: T-10 days | B4: =_xlfn.MINIFS(Checklist!$F$4:$F$200,Checklist!$B$4:$B$200,$A4) -> 46321 | C4: =COUNTIFS(Checklist!$B$4:$B$200,$A4,Checklist!$G$4:$G$200,C$3) -> 10 | D4: =COUNTIFS(Checklist!$B$4:$B$200,$A4,Checklist!$G$4:$G$200,D$3) -> 0 | E4: =COUNTIFS(Checklist!$B$4:$B$200,$A4,Checklist!$G$4:$G$200,E$3) -> 0 | F4: =COUNTIFS(Checklist!$B$4:$B$200,$A4,Checklist!$G$4:$G$200,F$3) -> 0 | G4: =COUNTIFS(Checklist!$B$4:$B$200,$A4,Checklist!$G$4:$G$200,G$3) -> 0 | H4: =COUNTIF(Checklist!$B$4:$B$200,$A4) -> 10 | I4: =IF(H4-G4=0,0,E4/(H4-G4)) -> 0
A5: T-7 days | B5: =_xlfn.MINIFS(Checklist!$F$4:$F$200,Checklist!$B$4:$B$200,$A5) -> 46322 | C5: =COUNTIFS(Checklist!$B$4:$B$200,$A5,Checklist!$G$4:$G$200,C$3) -> 19 | D5: =COUNTIFS(Checklist!$B$4:$B$200,$A5,Checklist!$G$4:$G$200,D$3) -> 0 | E5: =COUNTIFS(Checklist!$B$4:$B$200,$A5,Checklist!$G$4:$G$200,E$3) -> 0 | F5: =COUNTIFS(Checklist!$B$4:$B$200,$A5,Checklist!$G$4:$G$200,F$3) -> 0 | G5: =COUNTIFS(Checklist!$B$4:$B$200,$A5,Checklist!$G$4:$G$200,G$3) -> 0 | H5: =COUNTIF(Checklist!$B$4:$B$200,$A5) -> 19 | I5: =IF(H5-G5=0,0,E5/(H5-G5)) -> 0
A6: T-5 days | B6: =_xlfn.MINIFS(Checklist!$F$4:$F$200,Checklist!$B$4:$B$200,$A6) -> 46324 | C6: =COUNTIFS(Checklist!$B$4:$B$200,$A6,Checklist!$G$4:$G$200,C$3) -> 10 | D6: =COUNTIFS(Checklist!$B$4:$B$200,$A6,Checklist!$G$4:$G$200,D$3) -> 0 | E6: =COUNTIFS(Checklist!$B$4:$B$200,$A6,Checklist!$G$4:$G$200,E$3) -> 0 | F6: =COUNTIFS(Checklist!$B$4:$B$200,$A6,Checklist!$G$4:$G$200,F$3) -> 0 | G6: =COUNTIFS(Checklist!$B$4:$B$200,$A6,Checklist!$G$4:$G$200,G$3) -> 0 | H6: =COUNTIF(Checklist!$B$4:$B$200,$A6) -> 10 | I6: =IF(H6-G6=0,0,E6/(H6-G6)) -> 0
A7: T-3 days | B7: =_xlfn.MINIFS(Checklist!$F$4:$F$200,Checklist!$B$4:$B$200,$A7) -> 46326 | C7: =COUNTIFS(Checklist!$B$4:$B$200,$A7,Checklist!$G$4:$G$200,C$3) -> 9 | D7: =COUNTIFS(Checklist!$B$4:$B$200,$A7,Checklist!$G$4:$G$200,D$3) -> 0 | E7: =COUNTIFS(Checklist!$B$4:$B$200,$A7,Checklist!$G$4:$G$200,E$3) -> 0 | F7: =COUNTIFS(Checklist!$B$4:$B$200,$A7,Checklist!$G$4:$G$200,F$3) -> 0 | G7: =COUNTIFS(Checklist!$B$4:$B$200,$A7,Checklist!$G$4:$G$200,G$3) -> 0 | H7: =COUNTIF(Checklist!$B$4:$B$200,$A7) -> 9 | I7: =IF(H7-G7=0,0,E7/(H7-G7)) -> 0
A8: T-1 day | B8: =_xlfn.MINIFS(Checklist!$F$4:$F$200,Checklist!$B$4:$B$200,$A8) -> 46328 | C8: =COUNTIFS(Checklist!$B$4:$B$200,$A8,Checklist!$G$4:$G$200,C$3) -> 6 | D8: =COUNTIFS(Checklist!$B$4:$B$200,$A8,Checklist!$G$4:$G$200,D$3) -> 0 | E8: =COUNTIFS(Checklist!$B$4:$B$200,$A8,Checklist!$G$4:$G$200,E$3) -> 0 | F8: =COUNTIFS(Checklist!$B$4:$B$200,$A8,Checklist!$G$4:$G$200,F$3) -> 0 | G8: =COUNTIFS(Checklist!$B$4:$B$200,$A8,Checklist!$G$4:$G$200,G$3) -> 0 | H8: =COUNTIF(Checklist!$B$4:$B$200,$A8) -> 6 | I8: =IF(H8-G8=0,0,E8/(H8-G8)) -> 0
A9: Day of | B9: =_xlfn.MINIFS(Checklist!$F$4:$F$200,Checklist!$B$4:$B$200,$A9) -> 46329 | C9: =COUNTIFS(Checklist!$B$4:$B$200,$A9,Checklist!$G$4:$G$200,C$3) -> 4 | D9: =COUNTIFS(Checklist!$B$4:$B$200,$A9,Checklist!$G$4:$G$200,D$3) -> 0 | E9: =COUNTIFS(Checklist!$B$4:$B$200,$A9,Checklist!$G$4:$G$200,E$3) -> 0 | F9: =COUNTIFS(Checklist!$B$4:$B$200,$A9,Checklist!$G$4:$G$200,F$3) -> 0 | G9: =COUNTIFS(Checklist!$B$4:$B$200,$A9,Checklist!$G$4:$G$200,G$3) -> 0 | H9: =COUNTIF(Checklist!$B$4:$B$200,$A9) -> 4 | I9: =IF(H9-G9=0,0,E9/(H9-G9)) -> 0
A10: Post-workshop | B10: =_xlfn.MINIFS(Checklist!$F$4:$F$200,Checklist!$B$4:$B$200,$A10) -> 46336 | C10: =COUNTIFS(Checklist!$B$4:$B$200,$A10,Checklist!$G$4:$G$200,C$3) -> 7 | D10: =COUNTIFS(Checklist!$B$4:$B$200,$A10,Checklist!$G$4:$G$200,D$3) -> 0 | E10: =COUNTIFS(Checklist!$B$4:$B$200,$A10,Checklist!$G$4:$G$200,E$3) -> 0 | F10: =COUNTIFS(Checklist!$B$4:$B$200,$A10,Checklist!$G$4:$G$200,F$3) -> 0 | G10: =COUNTIFS(Checklist!$B$4:$B$200,$A10,Checklist!$G$4:$G$200,G$3) -> 0 | H10: =COUNTIF(Checklist!$B$4:$B$200,$A10) -> 7 | I10: =IF(H10-G10=0,0,E10/(H10-G10)) -> 0
A11: Total | C11: =SUM(C4:C10) -> 65 | D11: =SUM(D4:D10) -> 0 | E11: =SUM(E4:E10) -> 0 | F11: =SUM(F4:F10) -> 0 | G11: =SUM(G4:G10) -> 0 | H11: =SUM(H4:H10) -> 65 | I11: =IF(H11-G11=0,0,E11/(H11-G11)) -> 0
A13: Check: Summary total vs Checklist rows (should be 0) | H13: =H11-COUNTA(Checklist!$D$4:$D$200) -> 0
A14: Rows with blank or invalid Status (should be 0) | H14: =COUNTA(Checklist!$D$4:$D$200)-SUM(C11:G11) -> 0
